0,2,173,8,107.75,False,False,2021-11-03 13:52:18,2021-11-03 13:52:18,,35
1,7,326,11,301.23,True,False,2020-03-13 10:15:42,2021-06-30 09:07:02,15,26
2,1,249,14,6.48,True,True,2022-10-14 23:11:43,2023-06-16 18:21:13,23,31
3,39,385,4,340.69,True,False,2020-11-28 02:29:36,2023-07-04 17:18:46,27,17
4,4,330,8,365.45,False,False,2022-01-14 19:43:08,2022-01-14 19:43:08,,29
5,1,94,1,357.85,True,True,2021-01-08 08:20:22,2022-05-25 17:31:27,29,35
6,11,511,6,321.28,False,False,2023-04-21 18:18:56,2023-04-21 18:18:56,,11
7,33,362,5,114.75,False,False,2021-01-21 06:22:59,2021-01-21 06:22:59,,26
8,39,88,12,441.19,False,False,2022-10-13 08:09:55,2022-10-13 08:09:55,,20
9,21,140,17,96.71,False,False,2023-06-15 15:42:47,2023-06-15 15:42:47,,15
10,21,196,3,57.80,True,False,2021-08-24 14:06:39,2023-02-26 17:17:55,92,32
11,26,62,7,492.65,True,False,2020-10-18 01:08:06,2020-12-09 08:34:26,78,9
12,11,596,17,69.82,False,False,2020-04-04 20:24:31,2020-04-04 20:24:31,,15
13,34,135,17,422.90,True,True,2022-06-22 15:33:07,2022-06-30 17:37:37,6,46
14,20,671,12,47.40,False,False,2021-01-09 15:35:28,2021-01-09 15:35:28,,35
15,43,3,12,320.35,False,False,2022-01-10 12:01:34,2022-01-10 12:01:34,,4
16,1,189,10,449.79,True,True,2022-07-18 09:18:01,2022-11-19 18:09:27,21,16
17,38,89,13,467.33,False,False,2021-12-20 22:11:19,2021-12-20 22:11:19,,38
18,35,239,11,16.93,True,True,2023-04-08 10:03:58,2023-10-31 08:09:08,58,25
19,18,381,15,478.70,True,False,2023-01-11 16:55:59,2023-02-24 21:36:12,50,31
20,41,302,15,351.90,True,False,2023-08-07 11:38:01,2023-10-11 02:54:47,72,4
21,13,25,16,217.51,True,False,2021-05-04 22:29:40,2022-11-01 03:23:47,45,20
22,1,332,18,307.60,True,False,2022-07-18 09:18:01,2023-08-16 17:15:57,21,31
23,12,49,8,310.61,True,False,2020-02-03 22:07:03,2023-08-20 03:59:49,97,19
24,25,116,4,267.51,False,False,2023-10-07 04:20:26,2023-10-07 04:20:26,,31
25,6,74,19,134.61,True,True,2020-09-14 09:47:06,2022-04-24 15:58:42,33,13
26,12,46,12,293.47,False,False,2020-07-05 00:56:14,2020-07-05 00:56:14,,24
27,0,116,20,267.51,True,True,2020-11-16 21:05:13,2023-07-04 17:48:45,9,31
28,13,450,18,159.74,False,False,2020-11-11 20:03:24,2020-11-11 20:03:24,,46
29,41,181,9,34.02,True,True,2023-08-07 11:38:01,2023-08-14 03:53:30,72,33
30,49,589,11,364.97,False,False,2023-01-28 19:56:08,2023-01-28 19:56:08,,25
31,18,50,19,410.29,False,False,2023-10-22 14:04:22,2023-10-22 14:04:22,,38
32,23,220,15,364.37,False,False,2022-12-26 05:47:48,2022-12-26 05:47:48,,46
33,5,683,17,337.81,True,False,2023-11-05 06:22:41,2023-11-09 17:17:02,89,46
34,37,514,7,211.74,True,False,2022-05-23 21:27:40,2023-07-31 05:13:50,10,2
35,38,715,8,480.42,True,True,2020-06-08 14:07:11,2021-11-01 06:32:19,3,33
36,22,448,10,322.02,True,True,2021-11-06 17:56:21,2021-11-16 05:14:48,68,32
37,45,47,3,365.76,False,False,2020-02-22 09:49:07,2020-02-22 09:49:07,,26
38,6,163,5,79.00,True,False,2020-09-23 06:57:27,2023-10-06 18:34:58,98,45
39,18,148,7,393.51,True,True,2023-01-11 16:55:59,2023-11-12 13:39:37,50,17
40,5,125,6,365.67,False,False,2022-02-25 10:09:31,2022-02-25 10:09:31,,10
41,27,286,12,201.47,False,False,2022-05-23 02:50:15,2022-05-23 02:50:15,,17
42,32,239,18,16.93,False,False,2021-12-24 11:26:11,2021-12-24 11:26:11,,13
43,9,11,20,96.46,True,True,2020-12-09 21:38:55,2023-10-12 18:21:38,90,25
44,42,474,11,114.91,False,False,2020-09-04 02:04:25,2020-09-04 02:04:25,,29
45,43,72,3,319.12,True,False,2020-09-01 18:45:22,2022-02-01 14:02:49,73,12
46,47,356,14,293.68,True,True,2021-01-22 21:09:05,2023-09-05 21:13:30,31,29
47,5,165,14,174.58,True,False,2022-06-22 01:07:54,2022-11-07 21:31:10,79,44
48,1,690,19,141.54,True,True,2022-07-18 09:18:01,2022-11-14 10:54:13,21,16
49,17,111,16,217.17,False,False,2020-07-11 06:02:16,2020-07-11 06:02:16,,24
50,40,104,1,200.08,False,False,2022-03-03 09:18:57,2022-03-03 09:18:57,,46
51,15,456,19,379.30,True,False,2021-08-31 13:32:09,2022-08-12 15:08:46,24,26
52,37,298,11,174.97,False,False,2021-09-08 08:24:19,2021-09-08 08:24:19,,10
53,39,542,6,200.21,False,False,2021-01-01 10:05:08,2021-01-01 10:05:08,,4
54,10,398,16,137.10,True,True,2020-03-17 06:43:30,2021-02-23 15:54:17,70,15
55,25,573,9,247.81,True,True,2020-05-17 04:40:40,2022-05-29 14:58:04,36,35
56,5,360,18,461.59,True,False,2022-05-26 11:12:31,2023-02-13 13:58:48,4,13
57,42,572,7,243.67,False,False,2022-07-21 14:21:35,2022-07-21 14:21:35,,24
58,1,628,8,434.92,True,True,2022-12-18 04:01:57,2023-06-01 01:50:41,1,25
59,14,27,5,81.73,True,False,2020-11-09 02:09:06,2021-05-13 15:53:49,74,26
60,18,68,1,403.73,True,True,2022-04-02 20:58:34,2022-06-29 23:31:39,52,33
61,34,547,17,189.69,False,False,2023-04-12 09:50:11,2023-04-12 09:50:11,,19
62,18,576,10,482.73,False,False,2022-10-03 21:56:22,2022-10-03 21:56:22,,17
63,33,213,1,172.48,True,True,2021-05-08 10:01:53,2022-04-20 07:44:21,19,42
64,18,609,4,248.62,True,False,2022-08-18 14:58:08,2023-06-15 14:40:07,39,12
65,40,355,19,390.09,False,False,2020-06-09 15:02:06,2020-06-09 15:02:06,,38
66,10,274,9,260.75,True,False,2020-10-19 18:20:22,2021-07-06 09:39:27,80,19
67,21,676,20,360.40,True,False,2023-02-25 05:00:22,2023-06-25 03:56:30,30,29
68,4,29,8,245.44,False,False,2021-11-25 06:26:48,2021-11-25 06:26:48,,35
69,9,162,12,346.93,False,False,2022-12-26 15:42:07,2022-12-26 15:42:07,,13
70,29,41,14,103.67,False,False,2020-10-07 12:18:35,2020-10-07 12:18:35,,38
71,39,297,18,403.46,False,False,2022-08-14 07:45:12,2022-08-14 07:45:12,,9
72,17,320,17,268.13,False,False,2020-10-07 16:26:46,2020-10-07 16:26:46,,4
73,6,221,10,357.56,False,False,2022-10-10 15:19:56,2022-10-10 15:19:56,,23
74,35,512,2,189.18,True,True,2023-04-08 10:03:58,2023-08-21 17:12:45,58,44
75,18,192,4,130.67,True,True,2022-04-02 20:58:34,2023-10-29 21:16:27,52,9
76,10,513,3,175.93,False,False,2020-06-06 06:05:30,2020-06-06 06:05:30,,12
77,31,707,3,447.44,False,False,2020-05-19 02:40:45,2020-05-19 02:40:45,,44
78,18,544,4,445.88,True,True,2022-08-18 14:58:08,2023-03-12 23:53:15,39,32
79,47,666,16,189.49,True,True,2021-01-22 21:09:05,2021-08-23 03:32:05,31,29
80,5,338,15,410.45,True,False,2022-05-26 11:12:31,2022-11-23 17:54:27,4,17
81,41,510,6,52.79,True,False,2022-03-03 03:28:49,2022-08-11 11:20:51,94,2
82,5,683,18,337.81,True,True,2022-05-26 11:12:31,2022-07-12 08:52:29,4,46
83,49,465,7,495.66,False,False,2021-03-15 11:56:04,2021-03-15 11:56:04,,9
84,24,458,1,126.19,True,False,2023-10-17 20:10:58,2023-10-18 06:18:41,40,31
85,14,409,1,457.78,False,False,2022-11-11 23:16:06,2022-11-11 23:16:06,,38
86,34,170,10,35.83,False,False,2020-03-21 15:20:04,2020-03-21 15:20:04,,31
87,41,606,3,342.94,True,False,2022-03-03 03:28:49,2023-06-04 04:46:57,94,20
88,33,160,3,395.00,False,False,2021-08-11 21:29:57,2021-08-11 21:29:57,,17
89,41,157,2,45.85,True,False,2022-03-03 03:28:49,2022-12-16 12:27:37,94,23
90,24,401,2,82.74,True,False,2020-03-25 05:47:34,2022-08-10 02:04:20,96,10
91,42,21,9,360.31,False,False,2020-03-05 18:45:28,2020-03-05 18:45:28,,9
92,25,608,14,284.50,True,True,2023-01-26 00:48:20,2023-03-07 06:29:10,56,13
93,5,71,20,282.30,False,False,2023-01-11 23:39:15,2023-01-11 23:39:15,,15
94,36,630,2,242.38,True,False,2021-08-02 17:21:57,2022-08-26 22:38:26,51,40
95,21,279,17,76.08,True,True,2023-02-25 05:00:22,2023-10-03 15:46:26,30,24
96,20,31,14,7.36,True,True,2020-02-06 09:43:12,2021-12-18 16:15:49,7,13
97,37,333,9,257.00,False,False,2023-05-24 19:33:09,2023-05-24 19:33:09,,35
98,25,529,7,356.47,True,True,2020-05-17 04:40:40,2022-09-13 20:34:19,36,12
99,17,118,8,132.48,False,False,2020-06-21 21:43:56,2020-06-21 21:43:56,,12
100,2,716,11,273.79,False,False,2020-06-10 09:44:19,2020-06-10 09:44:19,,35
101,18,459,10,466.52,False,False,2021-04-18 17:52:48,2021-04-18 17:52:48,,35
102,14,197,6,29.97,True,False,2020-11-09 02:09:06,2020-11-10 07:14:55,74,31
103,10,533,11,392.10,False,False,2022-01-25 10:46:58,2022-01-25 10:46:58,,45
104,24,21,17,360.31,False,False,2023-08-21 16:24:46,2023-08-21 16:24:46,,9
105,0,154,2,216.80,True,True,2020-11-28 01:38:25,2022-02-27 06:51:54,54,25
106,17,236,7,278.83,False,False,2023-05-31 19:42:11,2023-05-31 19:42:11,,9
107,19,358,2,155.37,False,False,2023-02-28 21:40:22,2023-02-28 21:40:22,,45
108,9,589,15,364.97,False,False,2020-01-19 21:37:06,2020-01-19 21:37:06,,11
109,25,532,14,454.15,True,False,2023-11-08 08:45:54,2023-11-22 06:14:52,17,19
110,8,430,3,30.58,True,True,2021-05-12 19:36:27,2022-01-13 15:12:35,81,35
111,26,544,11,445.88,True,False,2021-10-12 17:17:35,2023-04-30 12:31:20,22,15
112,31,228,4,42.59,False,False,2022-01-17 13:43:39,2022-01-17 13:43:39,,16
113,10,394,7,156.64,True,False,2021-09-07 16:24:40,2023-02-03 01:09:28,57,38
114,44,589,17,364.97,False,False,2020-11-27 19:42:34,2020-11-27 19:42:34,,9
115,24,434,11,325.51,True,False,2022-06-12 22:18:50,2023-10-29 05:20:10,87,2
116,0,402,5,305.39,True,True,2020-01-06 04:13:39,2020-05-02 19:00:40,65,10
117,35,221,18,357.56,True,True,2023-03-31 10:12:03,2023-06-15 22:12:06,85,24
118,29,465,13,495.66,False,False,2023-08-04 09:31:23,2023-08-04 09:31:23,,20
119,39,342,2,94.09,True,False,2023-09-15 20:51:11,2023-10-09 23:20:35,35,42
120,46,389,13,233.16,False,False,2020-09-24 12:12:11,2020-09-24 12:12:11,,40
121,6,272,17,350.14,True,True,2020-09-06 02:10:53,2020-10-22 11:05:08,5,31
122,3,361,12,131.39,True,True,2021-02-15 01:32:03,2021-10-21 23:38:31,37,40
123,36,219,6,356.45,False,False,2020-06-19 16:25:48,2020-06-19 16:25:48,,31
124,23,390,17,191.59,True,False,2023-10-31 14:36:55,2023-11-02 14:33:55,61,11
125,43,352,10,474.45,True,False,2020-06-12 11:06:59,2023-03-13 07:32:51,14,35
126,18,230,13,209.16,True,False,2023-01-11 16:55:59,2023-03-30 20:27:04,50,35
127,6,589,8,364.97,True,True,2021-07-25 03:25:52,2022-06-02 11:09:37,13,17
128,6,78,18,141.00,True,True,2020-09-14 09:47:06,2020-11-16 22:43:21,33,13
129,45,37,2,202.84,False,False,2021-10-11 03:32:14,2021-10-11 03:32:14,,45
130,43,411,8,318.76,True,False,2020-06-12 11:06:59,2023-03-10 00:24:27,14,46
131,31,290,18,335.64,False,False,2023-09-24 00:59:53,2023-09-24 00:59:53,,31
132,49,197,14,29.97,False,False,2022-09-08 06:20:24,2022-09-08 06:20:24,,35
133,44,24,9,117.51,False,False,2020-12-19 16:24:00,2020-12-19 16:24:00,,4
134,15,34,18,410.70,False,False,2023-01-14 00:57:03,2023-01-14 00:57:03,,35
135,22,5,1,458.72,False,False,2023-03-30 19:15:11,2023-03-30 19:15:11,,10
136,28,157,9,45.85,False,False,2023-09-08 06:37:23,2023-09-08 06:37:23,,12
137,25,515,18,117.34,True,False,2023-01-26 00:48:20,2023-02-19 21:09:54,56,44
138,17,638,9,446.41,False,False,2023-02-22 08:28:39,2023-02-22 08:28:39,,26
139,1,596,20,69.82,True,False,2022-12-18 04:01:57,2023-07-05 23:00:42,1,38
140,25,684,18,437.16,False,False,2021-09-06 13:16:53,2021-09-06 13:16:53,,33
141,8,59,1,46.13,False,False,2022-06-27 02:04:37,2022-06-27 02:04:37,,17
142,11,636,15,363.66,False,False,2021-09-13 05:08:50,2021-09-13 05:08:50,,19
143,0,397,6,388.07,False,False,2023-05-20 03:46:01,2023-05-20 03:46:01,,29
144,0,139,15,498.81,False,False,2022-03-14 11:06:53,2022-03-14 11:06:53,,46
145,17,325,4,122.16,False,False,2023-03-05 22:39:52,2023-03-05 22:39:52,,4
146,29,490,9,138.86,False,False,2023-10-22 21:11:24,2023-10-22 21:11:24,,10
147,3,364,16,375.62,True,True,2021-07-08 03:48:02,2023-09-08 05:51:55,34,40
148,15,151,3,290.75,False,False,2022-01-15 01:09:47,2022-01-15 01:09:47,,12
149,38,187,16,133.12,False,False,2020-07-09 10:15:33,2020-07-09 10:15:33,,33
150,25,280,9,424.78,True,False,2023-01-26 00:48:20,2023-06-07 15:14:33,56,19
151,37,356,16,293.68,True,False,2022-05-23 21:27:40,2023-01-12 05:12:38,10,29
152,10,202,17,250.42,True,False,2020-03-17 06:43:30,2020-12-26 04:51:41,70,9
153,13,643,2,78.46,True,True,2023-07-04 19:05:55,2023-10-19 00:38:41,8,40
154,16,493,15,416.80,False,False,2022-10-03 09:59:59,2022-10-03 09:59:59,,12
155,11,245,10,413.68,False,False,2021-01-20 14:17:38,2021-01-20 14:17:38,,16
156,8,310,13,174.61,True,True,2021-03-29 11:02:14,2021-11-06 09:21:28,59,4
157,5,176,17,142.23,False,False,2021-12-12 22:40:54,2021-12-12 22:40:54,,20
158,3,366,11,214.24,True,False,2022-06-02 14:17:58,2023-06-16 05:10:19,76,13
159,34,264,17,328.80,False,False,2022-10-21 12:30:03,2022-10-21 12:30:03,,24
160,41,482,8,60.18,True,False,2023-08-07 11:38:01,2023-11-13 06:42:53,72,44
161,10,269,15,486.75,False,False,2020-12-16 20:07:24,2020-12-16 20:07:24,,17
162,34,333,18,257.00,False,False,2020-05-08 18:52:11,2020-05-08 18:52:11,,35
163,48,200,18,469.46,False,False,2020-01-03 02:54:56,2020-01-03 02:54:56,,32
164,1,682,9,429.48,False,False,2022-05-17 04:29:32,2022-05-17 04:29:32,,25
165,35,68,19,403.73,False,False,2021-12-30 11:49:15,2021-12-30 11:49:15,,33
166,9,645,19,308.44,False,False,2022-01-05 15:54:48,2022-01-05 15:54:48,,20
167,21,598,4,270.16,False,False,2023-08-25 04:51:47,2023-08-25 04:51:47,,16
168,40,276,12,376.68,False,False,2023-11-06 17:44:25,2023-11-06 17:44:25,,24
169,25,447,20,150.81,True,True,2021-01-23 20:19:23,2022-03-05 23:54:28,62,20
170,5,550,1,73.38,True,True,2020-10-28 03:31:09,2021-10-18 15:54:48,38,19
171,24,423,2,441.96,True,False,2023-10-17 20:10:58,2023-10-20 17:14:12,40,20
172,26,611,5,46.62,False,False,2022-10-14 17:21:13,2022-10-14 17:21:13,,40
173,8,360,1,461.59,False,False,2021-06-09 00:34:29,2021-06-09 00:34:29,,13
174,32,512,4,189.18,False,False,2020-05-29 03:13:55,2020-05-29 03:13:55,,40
175,37,151,17,290.75,True,True,2021-01-09 03:37:21,2023-09-23 05:36:19,16,45
176,38,341,10,93.88,True,False,2023-10-21 08:12:11,2023-11-03 10:13:01,18,31
177,35,123,12,299.23,False,False,2020-06-15 07:41:43,2020-06-15 07:41:43,,13
178,1,435,6,470.79,True,False,2022-07-18 09:18:01,2023-01-04 04:07:54,21,4
179,4,350,11,312.16,False,False,2022-06-25 04:45:16,2022-06-25 04:45:16,,15
180,8,640,9,174.58,True,True,2023-09-20 18:23:16,2023-09-22 22:04:40,84,4
181,1,498,4,321.16,False,False,2022-03-12 11:54:03,2022-03-12 11:54:03,,25
182,12,630,16,242.38,True,False,2020-02-03 22:07:03,2021-09-01 16:09:05,97,40
183,3,414,5,194.52,True,False,2021-07-08 03:48:02,2022-09-27 12:32:38,34,15
184,15,166,11,26.20,True,True,2021-08-31 13:32:09,2023-01-27 01:05:23,24,24
185,17,85,3,317.88,False,False,2022-03-05 00:08:47,2022-03-05 00:08:47,,35
186,5,108,2,458.54,True,False,2023-11-05 06:22:41,2023-11-22 19:46:50,89,26
187,43,124,17,244.45,True,False,2020-06-12 11:06:59,2021-10-06 09:59:10,14,44
188,23,341,11,93.88,False,False,2021-07-18 13:53:17,2021-07-18 13:53:17,,11
189,18,658,9,399.95,True,False,2022-08-18 14:58:08,2023-11-04 09:59:28,39,12
190,36,698,2,413.97,False,False,2022-09-09 05:47:56,2022-09-09 05:47:56,,23
191,44,691,6,244.05,False,False,2022-03-11 17:22:22,2022-03-11 17:22:22,,46
192,49,301,11,81.75,True,False,2023-02-17 16:50:42,2023-03-27 17:50:59,71,33
193,21,568,6,161.79,False,False,2022-04-21 20:10:26,2022-04-21 20:10:26,,40
194,6,262,10,251.07,False,False,2020-06-26 16:40:36,2020-06-26 16:40:36,,45
195,32,17,7,438.22,False,False,2021-06-11 13:43:52,2021-06-11 13:43:52,,40
196,3,339,3,321.25,True,True,2023-06-21 18:39:08,2023-09-21 15:42:24,32,17
197,35,253,6,356.99,False,False,2022-12-25 17:25:28,2022-12-25 17:25:28,,11
198,26,589,8,364.97,True,True,2021-10-12 17:17:35,2021-12-16 04:24:37,22,12
199,25,138,2,176.54,True,False,2023-01-26 00:48:20,2023-11-15 15:06:21,56,23
200,43,231,20,293.49,False,False,2022-03-13 05:02:38,2022-03-13 05:02:38,,9
201,45,566,13,482.19,False,False,2023-04-12 06:32:22,2023-04-12 06:32:22,,44
202,13,472,18,252.92,False,False,2022-05-16 22:52:37,2022-05-16 22:52:37,,19
203,29,331,7,434.02,False,False,2023-09-15 17:12:59,2023-09-15 17:12:59,,9
204,41,249,3,6.48,True,True,2023-08-07 11:38:01,2023-10-08 17:50:40,72,13
205,24,260,4,435.53,True,True,2022-06-12 22:18:50,2022-09-16 01:53:27,87,29
206,0,280,20,424.78,True,False,2020-11-16 21:05:13,2022-11-18 20:09:08,9,19
207,44,248,3,106.58,True,False,2023-02-21 22:10:42,2023-07-15 10:33:00,93,9
208,14,212,1,409.48,False,False,2021-12-08 10:44:52,2021-12-08 10:44:52,,11
209,12,31,19,7.36,False,False,2022-06-24 15:49:49,2022-06-24 15:49:49,,9
210,19,303,5,413.66,False,False,2020-10-01 11:03:04,2020-10-01 11:03:04,,23
211,12,685,20,390.27,False,False,2022-05-01 10:27:39,2022-05-01 10:27:39,,9
212,34,355,17,390.09,True,False,2022-06-22 15:33:07,2023-11-02 14:11:01,6,26
213,1,425,7,202.60,True,True,2022-10-14 23:11:43,2023-05-22 19:45:47,23,33
214,3,620,19,70.27,True,True,2021-02-15 01:32:03,2023-09-28 05:31:41,37,44
215,43,30,15,251.89,False,False,2020-01-10 18:02:31,2020-01-10 18:02:31,,38
216,3,703,18,333.88,False,False,2021-03-21 18:02:49,2021-03-21 18:02:49,,17
217,13,57,14,326.45,True,False,2023-06-08 04:44:46,2023-06-21 03:41:19,42,46
218,49,305,8,368.77,True,False,2023-02-17 16:50:42,2023-03-21 20:30:20,71,31
219,34,553,6,296.66,False,False,2020-08-19 16:07:53,2020-08-19 16:07:53,,20
220,14,51,14,303.32,False,False,2022-05-29 15:29:58,2022-05-29 15:29:58,,19
221,0,195,12,28.04,False,False,2020-03-17 20:02:43,2020-03-17 20:02:43,,10
222,0,635,7,121.32,True,False,2020-01-06 04:13:39,2020-12-17 17:52:48,65,33
223,12,481,20,334.08,False,False,2021-04-28 23:59:08,2021-04-28 23:59:08,,12
224,3,636,13,363.66,False,False,2020-10-21 05:11:11,2020-10-21 05:11:11,,20
225,34,263,2,175.80,True,True,2023-05-10 23:01:27,2023-10-24 09:16:26,12,33
226,0,617,16,241.72,True,True,2020-01-06 04:13:39,2023-10-13 13:36:53,65,15
227,25,483,14,15.56,True,True,2023-11-08 08:45:54,2023-11-10 13:41:00,17,10
228,35,154,20,216.80,False,False,2021-06-03 22:07:00,2021-06-03 22:07:00,,44
229,4,5,15,458.72,False,False,2021-07-18 09:58:29,2021-07-18 09:58:29,,25
230,28,474,7,114.91,False,False,2023-01-14 14:11:34,2023-01-14 14:11:34,,23
231,43,181,2,34.02,True,True,2020-12-28 01:07:48,2021-06-16 08:43:09,75,11
232,34,89,6,467.33,True,False,2022-06-22 15:33:07,2022-07-15 05:22:04,6,23
233,6,620,18,70.27,True,True,2020-09-23 06:57:27,2022-06-07 05:54:10,98,44
234,10,239,13,16.93,True,True,2020-03-17 06:43:30,2023-05-15 08:10:04,70,35
235,46,539,1,238.82,True,False,2022-01-01 02:11:27,2023-01-28 22:01:58,53,15
236,1,232,16,293.27,True,True,2022-10-14 23:11:43,2023-08-31 18:42:20,23,45
237,15,669,6,299.18,True,False,2021-08-31 13:32:09,2023-05-02 07:58:44,24,4
238,37,716,18,273.79,False,False,2020-09-21 05:58:24,2020-09-21 05:58:24,,29
239,5,501,10,196.84,False,False,2022-01-16 01:54:12,2022-01-16 01:54:12,,38
240,47,259,4,495.90,True,True,2023-07-30 08:38:15,2023-08-26 03:04:51,64,45
241,4,479,10,276.43,False,False,2022-01-12 04:01:38,2022-01-12 04:01:38,,19
242,8,628,19,434.92,True,True,2021-05-12 19:36:27,2022-03-23 18:16:44,81,32
243,49,139,13,498.81,True,True,2023-02-17 16:50:42,2023-05-14 08:46:08,71,31
244,0,87,11,210.35,True,True,2020-11-16 21:05:13,2022-11-27 03:13:07,9,4
245,17,80,15,218.93,False,False,2020-09-08 07:21:17,2020-09-08 07:21:17,,25
246,24,520,1,239.39,True,True,2020-03-25 05:47:34,2021-02-26 20:36:16,96,4
247,21,327,16,219.04,False,False,2020-02-19 19:28:22,2020-02-19 19:28:22,,17
248,26,201,16,482.46,True,True,2021-10-12 17:17:35,2023-08-19 20:57:06,22,44
249,5,48,6,480.71,True,False,2020-04-26 10:11:58,2021-03-06 10:05:59,95,12
250,14,112,4,126.81,True,True,2020-11-09 02:09:06,2023-02-18 07:08:36,74,45
251,44,102,8,124.52,False,False,2020-08-09 01:47:11,2020-08-09 01:47:11,,19
252,22,661,12,185.60,False,False,2022-04-24 17:36:56,2022-04-24 17:36:56,,32
253,34,17,3,438.22,False,False,2021-08-28 06:12:46,2021-08-28 06:12:46,,40
254,20,178,15,23.31,True,False,2020-02-06 09:43:12,2020-07-08 04:37:12,7,35
255,37,373,7,152.72,True,False,2021-01-09 03:37:21,2023-11-08 22:19:35,16,44
256,19,227,3,274.85,False,False,2020-06-24 13:51:50,2020-06-24 13:51:50,,46
257,32,17,16,438.22,False,False,2022-12-25 11:41:24,2022-12-25 11:41:24,,2
258,10,6,6,478.20,True,False,2020-10-19 18:20:22,2021-09-02 19:33:37,80,15
259,22,352,15,474.45,False,False,2020-10-14 19:20:03,2020-10-14 19:20:03,,35
260,3,356,3,293.68,True,True,2023-06-21 18:39:08,2023-07-08 07:32:55,32,29
261,1,332,8,307.60,False,False,2023-07-22 00:20:56,2023-07-22 00:20:56,,46
262,15,475,17,150.59,False,False,2020-01-27 15:26:20,2020-01-27 15:26:20,,46
263,35,321,2,316.10,False,False,2021-04-03 02:01:51,2021-04-03 02:01:51,,26
264,49,196,9,57.80,True,False,2023-02-17 16:50:42,2023-06-02 14:06:18,71,17
265,10,69,7,76.41,True,False,2020-10-19 18:20:22,2020-10-27 16:16:41,80,42
266,44,587,2,268.13,True,True,2023-02-21 22:10:42,2023-02-23 13:27:16,93,46
267,31,658,3,399.95,True,True,2020-11-14 14:56:48,2021-03-06 13:29:20,83,12
268,8,208,14,174.91,False,False,2022-04-25 14:33:34,2022-04-25 14:33:34,,31
269,47,272,16,350.14,True,True,2023-07-30 08:38:15,2023-10-22 14:11:12,64,31
270,34,475,2,150.59,True,True,2023-05-10 23:01:27,2023-07-05 19:36:05,12,24
271,28,414,17,194.52,False,False,2021-01-07 08:19:08,2021-01-07 08:19:08,,35
272,25,314,17,97.20,False,False,2020-12-08 09:11:46,2020-12-08 09:11:46,,42
273,24,687,6,226.28,True,True,2023-11-13 19:00:20,2023-11-24 12:39:49,2,46
274,48,83,10,195.13,False,False,2022-12-02 07:10:47,2022-12-02 07:10:47,,42
275,5,490,15,138.86,True,False,2022-05-26 11:12:31,2022-12-09 06:42:22,4,24
276,24,439,6,196.37,False,False,2023-08-29 06:41:35,2023-08-29 06:41:35,,45
277,14,692,14,271.43,False,False,2022-06-20 04:38:22,2022-06-20 04:38:22,,40
278,20,45,11,294.36,True,True,2020-02-06 09:43:12,2020-08-28 18:49:33,7,45
279,26,205,9,389.99,True,True,2021-10-12 17:17:35,2022-10-02 15:16:13,22,45
280,26,420,9,393.08,True,True,2023-01-28 04:21:52,2023-08-25 23:35:54,88,20
281,12,610,3,100.29,True,True,2020-02-03 22:07:03,2021-08-13 12:36:33,97,12
282,12,511,18,321.28,False,False,2022-10-18 19:11:57,2022-10-18 19:11:57,,12
283,0,617,19,241.72,True,True,2020-11-16 21:05:13,2023-10-31 14:35:43,9,29
284,5,139,9,498.81,False,False,2022-04-30 02:49:45,2022-04-30 02:49:45,,10
285,23,702,2,406.41,False,False,2020-01-22 16:28:07,2020-01-22 16:28:07,,40
286,48,514,7,211.74,False,False,2020-08-23 02:55:58,2020-08-23 02:55:58,,2
287,46,186,3,488.51,False,False,2021-12-16 10:12:25,2021-12-16 10:12:25,,42
288,38,584,11,221.58,False,False,2021-03-25 07:07:28,2021-03-25 07:07:28,,23
289,39,627,15,429.40,False,False,2023-04-14 11:34:41,2023-04-14 11:34:41,,42
290,36,115,7,195.59,False,False,2021-10-15 13:41:38,2021-10-15 13:41:38,,13
291,5,541,1,85.88,True,True,2022-06-22 01:07:54,2023-05-15 12:02:59,79,11
292,35,26,15,85.41,True,False,2023-04-08 10:03:58,2023-08-22 17:24:12,58,25
293,44,284,10,192.35,True,False,2021-09-22 06:58:35,2023-02-15 21:41:11,11,16
294,48,504,17,41.39,False,False,2023-09-25 17:48:47,2023-09-25 17:48:47,,24
295,27,361,9,131.39,True,False,2023-09-03 20:15:06,2023-09-11 17:31:08,25,25
296,33,460,17,161.82,True,False,2021-05-08 10:01:53,2021-09-28 23:46:52,19,17
297,39,588,3,198.47,True,True,2020-11-28 02:29:36,2021-02-25 00:34:20,27,9
298,8,202,8,250.42,True,False,2023-09-20 18:23:16,2023-11-12 21:49:24,84,19
299,6,262,15,251.07,True,True,2020-09-23 06:57:27,2022-10-08 16:23:23,98,9
300,34,297,6,403.46,False,False,2021-05-02 08:00:19,2021-05-02 08:00:19,,9
301,3,188,3,322.66,True,False,2021-07-08 03:48:02,2022-08-20 15:28:42,34,2
302,38,245,3,413.68,False,False,2021-08-03 14:54:23,2021-08-03 14:54:23,,44
303,44,638,2,446.41,True,False,2021-09-22 06:58:35,2023-03-16 09:50:45,11,24
304,27,593,4,207.36,True,True,2023-09-03 20:15:06,2023-11-11 01:02:15,25,32
305,42,479,6,276.43,False,False,2020-02-03 00:36:29,2020-02-03 00:36:29,,19
306,49,435,12,470.79,False,False,2021-11-29 06:12:07,2021-11-29 06:12:07,,26
307,8,171,12,237.45,False,False,2023-02-20 16:11:55,2023-02-20 16:11:55,,17
308,15,32,7,466.00,True,False,2023-05-26 05:09:44,2023-05-28 18:48:08,86,42
309,8,211,4,453.36,False,False,2023-11-01 08:25:27,2023-11-01 08:25:27,,42
310,30,213,8,172.48,False,False,2023-04-08 22:35:38,2023-04-08 22:35:38,,29
311,39,71,8,282.30,False,False,2023-10-22 12:01:11,2023-10-22 12:01:11,,40
312,37,459,2,466.52,True,False,2021-01-09 03:37:21,2021-04-29 02:29:57,16,38
313,6,275,20,312.52,True,False,2020-09-14 09:47:06,2023-01-14 12:46:26,33,35
314,42,691,4,244.05,False,False,2021-09-03 13:11:49,2021-09-03 13:11:49,,46
315,7,372,15,137.33,False,False,2021-05-18 08:26:42,2021-05-18 08:26:42,,16
316,1,661,9,185.60,True,False,2022-10-14 23:11:43,2022-11-16 20:31:00,23,32
317,2,94,4,357.85,False,False,2020-12-07 12:11:09,2020-12-07 12:11:09,,31
318,49,660,11,260.20,False,False,2022-07-29 13:44:49,2022-07-29 13:44:49,,29
319,30,533,5,392.10,False,False,2021-09-09 23:55:40,2021-09-09 23:55:40,,40
320,24,290,19,335.64,False,False,2022-07-23 00:21:32,2022-07-23 00:21:32,,16
321,24,233,2,91.57,True,True,2023-09-21 22:55:20,2023-11-18 00:32:49,20,32
322,24,36,11,313.91,True,True,2020-08-14 21:38:40,2023-11-12 06:43:31,55,11
323,40,354,12,103.40,False,False,2020-10-23 21:16:36,2020-10-23 21:16:36,,16
324,6,110,2,77.78,True,False,2020-09-14 09:47:06,2021-06-18 23:35:47,33,46
325,7,181,12,34.02,False,False,2023-07-28 23:45:12,2023-07-28 23:45:12,,20
326,37,454,1,354.18,True,True,2022-05-23 21:27:40,2023-09-05 15:01:30,10,31
327,21,570,8,105.51,False,False,2023-02-06 19:53:20,2023-02-06 19:53:20,,23
328,26,408,11,358.55,True,False,2021-07-10 17:01:16,2022-04-18 02:58:39,63,16
329,12,125,7,365.67,True,True,2022-12-30 14:24:14,2023-03-21 15:05:15,46,10
330,49,558,9,308.83,False,False,2020-02-03 12:39:38,2020-02-03 12:39:38,,44
331,34,440,4,139.89,False,False,2023-01-27 08:27:06,2023-01-27 08:27:06,,29
332,31,700,3,165.92,False,False,2023-10-20 19:22:18,2023-10-20 19:22:18,,4
333,0,479,15,276.43,False,False,2021-08-04 03:48:32,2021-08-04 03:48:32,,17
334,3,194,14,289.34,True,False,2021-02-15 01:32:03,2023-06-16 16:48:59,37,42
335,41,447,20,150.81,True,False,2023-08-07 11:38:01,2023-10-05 15:22:32,72,19
336,18,68,13,403.73,False,False,2022-05-27 20:09:22,2022-05-27 20:09:22,,38
337,38,100,16,165.95,True,True,2020-06-08 14:07:11,2023-11-08 07:24:12,3,4
338,5,25,10,217.51,True,False,2020-04-26 10:11:58,2023-01-28 11:36:11,95,20
339,10,287,11,317.60,False,False,2022-11-04 21:40:10,2022-11-04 21:40:10,,9
340,20,165,12,174.58,True,True,2020-02-06 09:43:12,2020-03-07 16:08:46,7,23
341,13,629,9,443.45,True,False,2023-06-08 04:44:46,2023-07-27 03:56:38,42,35
342,5,669,6,299.18,True,False,2020-10-28 03:31:09,2022-01-27 12:32:12,38,29
343,10,653,12,397.91,False,False,2023-02-03 16:10:46,2023-02-03 16:10:46,,19
344,0,616,3,138.07,False,False,2023-06-02 22:01:03,2023-06-02 22:01:03,,38
345,6,646,9,481.64,True,False,2020-09-23 06:57:27,2022-02-21 20:34:09,98,16
346,20,666,4,189.49,True,False,2020-02-06 09:43:12,2021-09-01 03:19:31,7,11
347,36,140,16,96.71,False,False,2021-03-12 14:42:20,2021-03-12 14:42:20,,38
348,6,182,17,390.20,False,False,2023-08-09 12:28:58,2023-08-09 12:28:58,,26
349,37,356,8,293.68,False,False,2020-01-28 17:37:39,2020-01-28 17:37:39,,29
350,40,375,17,57.89,False,False,2021-10-27 13:40:58,2021-10-27 13:40:58,,23
351,43,207,6,52.56,False,False,2020-09-22 11:47:00,2020-09-22 11:47:00,,13
352,47,239,4,16.93,False,False,2022-05-30 00:53:51,2022-05-30 00:53:51,,25
353,23,533,4,392.10,False,False,2022-01-03 01:43:50,2022-01-03 01:43:50,,31
354,31,170,9,35.83,True,False,2020-11-14 14:56:48,2023-06-26 02:28:41,83,31
355,44,257,14,101.65,True,False,2023-02-21 22:10:42,2023-04-21 22:28:55,93,20
356,23,378,3,107.99,False,False,2021-06-05 06:09:40,2021-06-05 06:09:40,,15
357,7,616,13,138.07,True,False,2020-03-13 10:15:42,2022-03-14 01:32:43,15,38
358,36,634,17,361.41,True,True,2021-08-02 17:21:57,2022-07-26 22:37:42,51,40
359,14,10,18,346.87,False,False,2023-01-30 02:40:37,2023-01-30 02:40:37,,11
360,47,539,12,238.82,False,False,2020-09-04 16:13:13,2020-09-04 16:13:13,,10
361,0,624,1,438.23,False,False,2020-11-14 16:45:42,2020-11-14 16:45:42,,33
362,47,429,3,392.19,False,False,2020-04-10 15:50:37,2020-04-10 15:50:37,,11
363,31,425,19,202.60,True,False,2022-06-16 00:17:51,2023-02-25 09:12:57,44,24
364,36,664,18,471.61,False,False,2020-09-30 23:27:25,2020-09-30 23:27:25,,12
365,15,169,4,369.59,False,False,2023-08-06 09:50:55,2023-08-06 09:50:55,,31
366,0,544,1,445.88,True,False,2020-01-06 04:13:39,2022-12-05 22:50:41,65,19
367,0,428,9,438.93,False,False,2023-09-06 04:52:25,2023-09-06 04:52:25,,10
368,34,535,10,44.82,False,False,2020-12-13 05:33:42,2020-12-13 05:33:42,,20
369,33,421,11,75.17,True,True,2021-05-08 10:01:53,2021-07-19 23:19:03,19,12
370,14,459,6,466.52,False,False,2021-03-06 09:34:59,2021-03-06 09:34:59,,38
371,26,251,19,106.81,True,True,2021-10-12 17:17:35,2022-11-26 04:50:16,22,40
372,47,27,3,81.73,False,False,2021-12-17 03:24:56,2021-12-17 03:24:56,,2
373,1,496,11,23.92,True,True,2022-10-14 23:11:43,2023-03-26 00:12:06,23,15
374,34,470,7,375.36,True,True,2022-06-22 15:33:07,2022-10-10 19:53:31,6,33
375,43,88,5,441.19,True,True,2020-09-01 18:45:22,2023-07-04 12:07:30,73,12
376,47,640,11,174.58,False,False,2023-06-08 15:24:43,2023-06-08 15:24:43,,4
377,39,588,8,198.47,True,True,2023-09-15 20:51:11,2023-11-16 21:51:39,35,20
378,37,198,1,138.98,False,False,2021-04-01 17:24:34,2021-04-01 17:24:34,,42
379,40,112,6,126.81,False,False,2021-04-10 07:09:38,2021-04-10 07:09:38,,26
380,22,577,11,131.10,False,False,2021-03-24 18:34:51,2021-03-24 18:34:51,,46
381,43,197,18,29.97,False,False,2021-12-25 05:14:58,2021-12-25 05:14:58,,33
382,5,218,20,322.45,True,True,2020-04-26 10:11:58,2022-12-10 10:11:29,95,38
383,36,343,8,463.38,False,False,2023-09-19 11:07:15,2023-09-19 11:07:15,,2
384,31,220,15,364.37,True,False,2022-06-16 00:17:51,2023-09-17 08:56:03,44,46
385,12,325,4,122.16,False,False,2022-01-02 18:38:25,2022-01-02 18:38:25,,4
386,7,658,13,399.95,False,False,2023-10-01 04:48:56,2023-10-01 04:48:56,,19
387,7,254,15,460.20,False,False,2020-06-06 00:39:55,2020-06-06 00:39:55,,25
388,49,674,20,246.71,False,False,2020-11-17 03:00:00,2020-11-17 03:00:00,,20
389,3,182,5,390.20,True,True,2023-06-21 18:39:08,2023-10-28 10:03:59,32,26
390,5,380,4,426.02,True,False,2022-06-22 01:07:54,2023-03-03 10:10:08,79,17
391,3,302,17,351.90,True,False,2022-06-02 14:17:58,2022-12-07 16:07:02,76,4
392,18,15,16,130.59,False,False,2021-09-24 22:08:48,2021-09-24 22:08:48,,38
393,23,553,5,296.66,True,True,2023-10-31 14:36:55,2023-11-19 14:39:31,61,17
394,3,328,3,340.24,False,False,2020-07-03 19:35:32,2020-07-03 19:35:32,,38
395,36,80,18,218.93,True,False,2021-08-02 17:21:57,2023-09-20 17:40:41,51,32
396,34,185,5,447.84,False,False,2023-11-22 05:12:11,2023-11-22 05:12:11,,25
397,3,533,10,392.10,True,False,2021-02-15 01:32:03,2022-04-15 07:33:51,37,45
398,30,560,12,486.23,False,False,2020-08-12 23:40:10,2020-08-12 23:40:10,,12
399,17,549,17,122.02,False,False,2021-05-08 12:21:08,2021-05-08 12:21:08,,11
400,3,655,7,359.89,True,True,2023-06-21 18:39:08,2023-07-07 10:29:38,32,45
401,21,585,18,20.71,True,True,2021-08-24 14:06:39,2023-09-12 18:32:07,92,20
402,42,714,5,133.86,False,False,2020-05-28 02:03:40,2020-05-28 02:03:40,,15
403,23,223,8,101.45,False,False,2023-11-02 15:07:02,2023-11-02 15:07:02,,13
404,24,318,4,60.53,False,False,2020-02-26 16:58:55,2020-02-26 16:58:55,,12
405,24,467,10,246.19,False,False,2020-05-27 11:41:35,2020-05-27 11:41:35,,33
406,14,95,14,379.73,True,False,2020-11-09 02:09:06,2022-02-09 06:54:52,74,45
407,37,687,1,226.28,True,False,2021-01-09 03:37:21,2022-01-08 21:25:12,16,19
408,28,569,12,328.78,False,False,2023-09-21 17:54:54,2023-09-21 17:54:54,,42
409,28,663,4,307.83,False,False,2021-10-19 23:57:41,2021-10-19 23:57:41,,29
410,10,330,19,365.45,False,False,2022-12-29 23:32:10,2022-12-29 23:32:10,,10
411,24,435,2,470.79,True,True,2020-03-25 05:47:34,2021-12-24 00:19:13,96,32
412,26,399,8,116.71,True,True,2023-01-28 04:21:52,2023-08-14 11:29:18,88,17
413,22,414,7,194.52,False,False,2022-07-27 20:13:30,2022-07-27 20:13:30,,15
414,26,300,16,407.63,True,False,2021-07-10 17:01:16,2022-03-16 14:35:53,63,15
415,15,137,16,195.94,False,False,2023-09-16 19:44:34,2023-09-16 19:44:34,,19
416,47,607,6,106.14,False,False,2023-05-13 05:45:52,2023-05-13 05:45:52,,23
417,39,604,6,70.89,False,False,2021-05-07 16:12:26,2021-05-07 16:12:26,,29
418,39,300,19,407.63,True,False,2023-09-15 20:51:11,2023-11-03 12:00:36,35,17
419,9,615,10,330.12,False,False,2023-02-15 18:08:04,2023-02-15 18:08:04,,31
420,37,144,12,196.16,False,False,2021-05-06 23:30:33,2021-05-06 23:30:33,,4
421,37,547,2,189.69,False,False,2022-02-22 21:09:48,2022-02-22 21:09:48,,19
422,25,166,10,26.20,True,True,2023-01-26 00:48:20,2023-04-02 19:58:29,56,26
423,27,421,5,75.17,True,True,2022-03-24 15:26:31,2022-04-09 21:58:16,47,10
424,41,423,20,441.96,True,False,2023-08-07 11:38:01,2023-09-18 22:31:00,72,9
425,17,323,1,429.73,False,False,2022-08-26 15:00:45,2022-08-26 15:00:45,,16
426,0,628,2,434.92,True,True,2020-11-28 01:38:25,2021-11-02 23:48:52,54,25
427,28,135,18,422.90,False,False,2023-05-30 07:34:29,2023-05-30 07:34:29,,2
428,27,567,7,260.87,True,False,2022-03-24 15:26:31,2022-09-18 18:10:39,47,25
429,26,352,2,474.45,True,False,2023-01-28 04:21:52,2023-02-28 13:03:14,88,35
430,3,628,14,434.92,True,False,2021-07-08 03:48:02,2022-08-17 13:37:07,34,19
431,12,336,9,354.26,False,False,2020-09-15 19:28:10,2020-09-15 19:28:10,,17
432,43,250,16,127.83,False,False,2021-12-03 15:32:29,2021-12-03 15:32:29,,38
433,26,226,10,471.70,True,False,2021-03-21 06:25:22,2022-08-30 06:33:38,26,4
434,18,466,18,465.22,False,False,2022-09-08 23:41:58,2022-09-08 23:41:58,,38
435,44,451,6,276.18,True,False,2023-02-21 22:10:42,2023-11-06 05:19:57,93,23
436,40,24,6,117.51,True,True,2021-12-01 17:50:38,2023-03-14 01:46:36,91,11
437,23,521,17,481.74,False,False,2021-07-11 12:24:55,2021-07-11 12:24:55,,9
438,34,423,8,441.96,False,False,2023-11-08 22:50:58,2023-11-08 22:50:58,,44
439,9,527,1,475.71,True,False,2020-12-09 21:38:55,2023-10-16 21:27:39,90,40
440,0,388,11,494.53,False,False,2020-07-05 05:21:41,2020-07-05 05:21:41,,9
441,31,258,2,156.17,True,True,2020-11-14 14:56:48,2023-05-03 00:31:43,83,19
442,23,265,6,425.95,False,False,2023-03-08 18:12:16,2023-03-08 18:12:16,,10
443,46,207,9,52.56,False,False,2022-09-24 12:56:10,2022-09-24 12:56:10,,13
444,1,521,13,481.74,False,False,2023-05-08 07:26:08,2023-05-08 07:26:08,,31
445,26,381,4,478.70,True,False,2021-03-21 06:25:22,2022-01-03 03:34:14,26,32
446,27,262,4,251.07,True,True,2023-09-03 20:15:06,2023-11-14 01:35:54,25,9
447,21,171,12,237.45,False,False,2022-12-22 14:51:19,2022-12-22 14:51:19,,9
448,13,505,18,316.00,False,False,2020-03-17 00:12:25,2020-03-17 00:12:25,,35
449,37,232,3,293.27,True,True,2022-05-23 21:27:40,2022-11-22 03:44:00,10,19
450,12,563,8,81.98,True,True,2022-12-30 14:24:14,2023-11-23 02:46:26,46,31
451,43,134,2,482.84,False,False,2020-11-03 19:41:26,2020-11-03 19:41:26,,20
452,34,551,20,435.39,True,True,2023-05-10 23:01:27,2023-08-18 16:07:43,12,16
453,6,425,13,202.60,False,False,2021-08-13 20:13:17,2021-08-13 20:13:17,,44
454,3,544,20,445.88,False,False,2022-11-11 08:44:56,2022-11-11 08:44:56,,11
455,26,326,18,301.23,True,True,2020-10-18 01:08:06,2022-01-14 19:58:23,78,26
456,34,137,8,195.94,True,False,2020-09-01 11:25:22,2022-05-09 01:44:16,82,19
457,35,67,11,318.36,False,False,2020-09-04 09:36:39,2020-09-04 09:36:39,,19
458,2,101,10,431.12,False,False,2021-05-29 15:43:34,2021-05-29 15:43:34,,12
459,27,118,10,132.48,False,False,2022-10-10 13:21:59,2022-10-10 13:21:59,,35
460,3,510,19,52.79,True,False,2022-06-02 14:17:58,2023-05-08 17:16:25,76,26
461,7,648,17,13.27,True,True,2020-03-13 10:15:42,2022-03-12 20:11:35,15,38
462,15,664,6,471.61,False,False,2022-09-30 21:07:59,2022-09-30 21:07:59,,31
463,1,107,14,309.20,False,False,2022-05-12 19:18:12,2022-05-12 19:18:12,,35
464,20,38,12,148.63,True,False,2020-02-06 09:43:12,2021-11-21 02:29:25,7,20
465,37,371,18,256.89,False,False,2020-11-24 08:10:12,2020-11-24 08:10:12,,4
466,27,310,1,174.61,False,False,2020-10-30 21:25:47,2020-10-30 21:25:47,,2
467,1,261,16,135.97,True,False,2022-10-14 23:11:43,2023-03-31 23:46:41,23,4
468,38,70,20,20.91,False,False,2020-08-26 01:35:38,2020-08-26 01:35:38,,40
469,34,147,16,187.53,True,False,2023-05-10 23:01:27,2023-07-15 08:58:00,12,9
470,46,411,1,318.76,False,False,2023-04-03 05:50:07,2023-04-03 05:50:07,,44
471,46,588,12,198.47,False,False,2020-05-06 06:07:43,2020-05-06 06:07:43,,9
472,26,5,2,458.72,True,True,2022-03-15 00:44:36,2022-04-26 22:16:34,41,2
473,1,582,9,308.47,True,True,2022-10-14 23:11:43,2023-10-27 23:23:37,23,29
474,5,644,17,198.85,True,False,2020-10-28 03:31:09,2020-12-21 21:47:31,38,24
475,5,707,14,447.44,True,True,2020-04-26 10:11:58,2021-03-26 03:45:29,95,19
476,3,89,19,467.33,True,False,2023-06-21 18:39:08,2023-11-24 00:45:18,32,13
477,14,101,3,431.12,False,False,2022-07-07 06:01:59,2022-07-07 06:01:59,,12
478,0,381,12,478.70,True,True,2020-11-28 01:38:25,2022-08-20 06:51:35,54,38
479,0,681,5,266.77,True,True,2020-11-28 01:38:25,2023-08-02 10:11:10,54,12
480,5,521,16,481.74,True,True,2020-10-28 03:31:09,2022-04-26 11:11:40,38,31
481,15,296,5,236.22,True,True,2021-08-31 13:32:09,2021-10-22 07:13:49,24,24
482,4,409,3,457.78,False,False,2021-08-07 11:01:25,2021-08-07 11:01:25,,26
483,35,0,17,76.91,False,False,2020-09-30 16:08:07,2020-09-30 16:08:07,,33
484,48,167,14,432.85,False,False,2022-02-21 06:05:33,2022-02-21 06:05:33,,46
485,4,7,15,280.23,False,False,2022-12-07 11:07:01,2022-12-07 11:07:01,,32
486,43,315,8,21.63,True,True,2020-09-01 18:45:22,2022-07-17 07:14:45,73,12
487,13,142,11,17.92,True,False,2023-06-08 04:44:46,2023-07-21 17:07:06,42,12
488,18,193,3,61.23,False,False,2022-12-28 05:49:34,2022-12-28 05:49:34,,10
489,13,557,4,33.73,True,False,2023-06-08 04:44:46,2023-10-24 13:29:14,42,23
490,33,268,18,277.44,False,False,2022-04-17 21:45:39,2022-04-17 21:45:39,,38
491,37,581,9,114.65,False,False,2021-10-25 14:48:14,2021-10-25 14:48:14,,35
492,28,347,11,418.79,False,False,2021-11-23 00:16:15,2021-11-23 00:16:15,,38
493,7,296,19,236.22,False,False,2023-04-24 18:43:51,2023-04-24 18:43:51,,42
494,5,432,12,16.43,False,False,2022-06-11 05:44:24,2022-06-11 05:44:24,,2
495,24,86,19,322.12,True,True,2023-10-17 20:10:58,2023-10-23 19:44:03,40,24
496,16,652,10,440.10,False,False,2021-07-25 06:37:17,2021-07-25 06:37:17,,33
497,6,123,4,299.23,True,True,2020-09-14 09:47:06,2021-10-17 19:02:13,33,13
498,15,641,10,279.10,True,True,2023-05-26 05:09:44,2023-08-14 04:26:50,86,24
499,16,535,18,44.82,False,False,2021-11-02 08:36:29,2021-11-02 08:36:29,,45
